publication_date,job_type,job,company,city,country
2022-08-22,external,Doktorand*in (w/m/d) - Energieverbrauchsoptimierung durch verteiltes Rechnen in dynamischen heterogenen Sensornetzen,Siemens,Erlangen, Germany
2022-10-25,external,Senior Cloud Software Developer,Siemens,Mississauga, Canada
2022-10-04,external,"National Sales Specialist, Power Supplies",Siemens,Calgary, Canada
2022-10-17,external,Alternance - Ingénieur d'Application IT médicale (h/f/nb),Siemens,Lyon, France
2022-10-12,external,Junior Software Engineer,Siemens,Cambridge, United Kingdom
2022-10-19,external,Deputy Manager - Record to Report,Siemens,Mumbai, India
2022-10-17,external,Intern - Sales Administrator,Siemens,Hong Kong, China
2022-09-24,external,Enterprise Account Manager (w/m/d) Digital Building & Workplace Solutions SaaS,Siemens,Munich, Germany
2022-10-20,external,National Installation Technician (X-Ray),Siemens,Trenton, United States
2022-09-30,external,Consultant Communication Strategy and Projects with focus on Change Communication (w/m/d),Siemens,Erlangen, Germany
2022-10-17,external,Head of Electrical Products Nordics,Siemens,Oslo, Norway
2022-08-22,external,Elektrotechniker (w/m/d) Bordküchen und Sanitäreinrichtungen für Schienenfahrzeuge,Siemens,Tönisvorst, Germany
2022-10-12,external,Internal Sales Engineer,Siemens,Manchester, United Kingdom
2022-10-19,external,Scrum Master (Smart Grid - Hybrid),Siemens,Ankara, Turkey
2022-08-22,external,Finance Analyst,Siemens,Aurangabad, India
2022-10-06,external,Construction Area Sales Manager - Low/Medium Voltage Products,Siemens,Pensacola, United States
2022-10-19,external,Sales Engineer Digitalisering,Siemens,The Hague, Netherlands
2022-09-29,external,Fachmonteur (w/m/d) Eisenbahnsignaltechnik,Siemens,Leipzig, Germany
2022-08-26,external,PreSales Account Development Specialist Application Lifecycle Management (m/w/d),Siemens,Berlin, Germany
2022-10-22,external,"Client Service Administrator - Smart Buildings - Florham Park, NJ",Siemens,Florham Park, United States
